Workbook

Sheet Data Pemasukan
A3: No. | B3: RINCIAN | C3: SIMPANAN ANGGOTA | F3: SIMPANAN BJB | G3: CM | H3: MD | I3: SHU | J3: DANA | K3: PENJUALAN | L3: JASA
C4: POKOK | D4: WAJIB | E4: LAIN-LAIN
A5: 1 | B5: Neraca Akhir Tahun Lalu | C5: 8005000 | D5: 9957500 | E5: 1350939.8 | G5: 77905995 | H5: 7712437 | I5: 50023533 | J5: 18796565
A6: 2 | B6: Perubahan Bulan Januari | K6: 31950900 | L6: 1250000
A7: 3 | B7: Perubahan Bulan Februari
A8: 4 | B8: Perubahan Bulan Maret
A9: 5 | B9: Perubahan Bulan April
A10: 6 | B10: Perubahan Bulan Mei
A11: 7 | B11: Perubahan Bulan Juni
A12: 8 | B12: Perubahan Bulan Juli
A13: 9 | B13: Perubahan Bulan Agustus
A14: 10 | B14: Perubahan Bulan September
A15: 11 | B15: Perubahan Bulan Oktober
A16: 12 | B16: Perubahan Bulan November
A17: 13 | B17: Perubahan Bulan Desember

Sheet Data Pengeluaran
A3: No. | B3: RINCIAN | C3: SIMPANAN ANGGOTA | F3: SIMPANAN BJB | G3: MD | H3: SHU | I3: DANA-DANA | J3: PEMB. BARANG | K3: PEMB. INVENTARIS | L3: BIAYA UMUM | M3: CAD. MODAL | N3: KAS
C4: POKOK | D4: WAJIB | E4: LAIN-LAIN
A5: 1 | B5: Neraca Akhir Tahun Lalu | F5: 1.3411697e+08 | J5: 10717002 | K5: 8918000
A6: 2 | B6: Perubahan Bulan Januari | F6: 4000000 | J6: 24800900 | K6: 425000 | L6: 850000 | N6: 23124995
A7: 3 | B7: Perubahan Bulan Februari
A8: 4 | B8: Perubahan Bulan Maret
A9: 5 | B9: Perubahan Bulan April
A10: 6 | B10: Perubahan Bulan Mei
A11: 7 | B11: Perubahan Bulan Juni
A12: 8 | B12: Perubahan Bulan Juli
A13: 9 | B13: Perubahan Bulan Agustus
A14: 10 | B14: Perubahan Bulan September
A15: 11 | B15: Perubahan Bulan Oktober
A16: 12 | B16: Perubahan Bulan November
A17: 13 | B17: Perubahan Bulan Desember

Sheet Hasil Pemasukan
A3: No. | B3: RINCIAN | C3: SIMPANAN ANGGOTA | F3: SIMPANAN BJB | G3: CM | H3: MD | I3: SHU | J3: DANA | K3: PENJUALAN | L3: JASA | M3: JUMLAH PENERIMAAN | N3: KET.
C4: POKOK | D4: WAJIB | E4: LAIN-LAIN
A5: 1 | B5: Neraca Akhir Tahun Lalu | C5: ='Data Pemasukan'!C5 -> 8005000 | D5: ='Data Pemasukan'!D5 -> 9957500 | E5: ='Data Pemasukan'!E5 -> 1350939.8 | F5: ='Data Pemasukan'!F5 -> 0 | G5: ='Data Pemasukan'!G5 -> 77905995 | H5: ='Data Pemasukan'!H5 -> 7712437 | I5: ='Data Pemasukan'!I5 -> 50023533 | J5: ='Data Pemasukan'!J5 -> 18796565 | ... L5: ='Data Pemasukan'!L5 -> 0 | M5: =SUM(C5:L5) -> 1.7375197e+08 | N5: =IF(M5<>"-","OK","ERROR") -> OK
A6: 2 | B6: Perubahan Bulan Januari | C6: ='Data Pemasukan'!C6 -> 0 | D6: ='Data Pemasukan'!D6 -> 0 | E6: ='Data Pemasukan'!E6 -> 0 | F6: ='Data Pemasukan'!F6 -> 0 | G6: ='Data Pemasukan'!G6 -> 0 | H6: ='Data Pemasukan'!H6 -> 0 | I6: ='Data Pemasukan'!I6 -> 0 | J6: ='Data Pemasukan'!J6 -> 0 | ... L6: ='Data Pemasukan'!L6 -> 1250000 | M6: =SUM(C6:L6) -> 33200900 | N6: =IF(M6<>"-","OK","ERROR") -> OK
A7: JUMLAH | C7: =C5+C6 -> 8005000 | D7: =D5+D6 -> 9957500 | E7: =E5+E6 -> 1350939.8 | F7: =F5+F6 -> 0 | G7: =G5+G6 -> 77905995 | H7: =H5+H6 -> 7712437 | I7: =I5+I6 -> 50023533 | J7: =J5+J6 -> 18796565 | ... L7: =L5+L6 -> 1250000 | M7: =IF(SUM(C7:L7)=(M5+M6),M5+M6,"ERROR") -> 2.0695287e+08 | N7: =IF(M7="ERROR",M6-L7,"OK") -> OK
A8: 3 | B8: Perubahan Bulan Februari | D8: ='Data Pemasukan'!D7 -> 0 | E8: ='Data Pemasukan'!E7 -> 0 | F8: ='Data Pemasukan'!F7 -> 0 | G8: ='Data Pemasukan'!G7 -> 0 | H8: ='Data Pemasukan'!H7 -> 0 | I8: ='Data Pemasukan'!I7 -> 0 | J8: ='Data Pemasukan'!J7 -> 0 | K8: ='Data Pemasukan'!K7 -> 0 | L8: ='Data Pemasukan'!L7 -> 0 | M8: =SUM(C8:L8) -> 0 | N8: =IF(M8<>"-","OK","ERROR") -> OK
A9: JUMLAH | C9: =C7+C8 -> 8005000 | D9: =D7+D8 -> 9957500 | E9: =E7+E8 -> 1350939.8 | F9: =F7+F8 -> 0 | G9: =G7+G8 -> 77905995 | H9: =H7+H8 -> 7712437 | I9: =I7+I8 -> 50023533 | J9: =J7+J8 -> 18796565 | ... L9: =L7+L8 -> 1250000 | M9: =IF(SUM(C9:L9)=(M7+M8),M7+M8,"ERROR") -> 2.0695287e+08 | N9: =IF(M9="ERROR",M8-L9,"OK") -> OK
A10: 4 | B10: Perubahan Bulan Maret | C10: ='Data Pemasukan'!C8 -> 0 | D10: ='Data Pemasukan'!D8 -> 0 | E10: ='Data Pemasukan'!E8 -> 0 | F10: ='Data Pemasukan'!F8 -> 0 | G10: ='Data Pemasukan'!G8 -> 0 | H10: ='Data Pemasukan'!H8 -> 0 | I10: ='Data Pemasukan'!I8 -> 0 | J10: ='Data Pemasukan'!J8 -> 0 | ... L10: ='Data Pemasukan'!L8 -> 0 | M10: =SUM(C10:L10) -> 0 | N10: =IF(M10<>"-","OK","ERROR") -> OK
A11: JUMLAH | C11: =C9+C10 -> 8005000 | D11: =D9+D10 -> 9957500 | E11: =E9+E10 -> 1350939.8 | F11: =F9+F10 -> 0 | G11: =G9+G10 -> 77905995 | H11: =H9+H10 -> 7712437 | I11: =I9+I10 -> 50023533 | J11: =J9+J10 -> 18796565 | ... L11: =L9+L10 -> 1250000 | M11: =IF(SUM(C11:L11)=(M9+M10),M9+M10,"ERROR") -> 2.0695287e+08 | N11: =IF(M11="ERROR",M10-L11,"OK") -> OK
A12: 5 | B12: Perubahan Bulan April | C12: ='Data Pemasukan'!C9 -> 0 | D12: ='Data Pemasukan'!D9 -> 0 | E12: ='Data Pemasukan'!E9 -> 0 | F12: ='Data Pemasukan'!F9 -> 0 | G12: ='Data Pemasukan'!G9 -> 0 | H12: ='Data Pemasukan'!H9 -> 0 | I12: ='Data Pemasukan'!I9 -> 0 | J12: ='Data Pemasukan'!J9 -> 0 | ... L12: ='Data Pemasukan'!L9 -> 0 | M12: =SUM(C12:L12) -> 0 | N12: =IF(M12<>"-","OK","ERROR") -> OK
A13: JUMLAH | C13: =C11+C12 -> 8005000 | D13: =D11+D12 -> 9957500 | E13: =E11+E12 -> 1350939.8 | F13: =F11+F12 -> 0 | G13: =G11+G12 -> 77905995 | H13: =H11+H12 -> 7712437 | I13: =I11+I12 -> 50023533 | J13: =J11+J12 -> 18796565 | ... L13: =L11+L12 -> 1250000 | M13: =IF(SUM(C13:L13)=(M11+M12),M11+M12,"ERROR") -> 2.0695287e+08 | N13: =IF(M13="ERROR",M12-L13,"OK") -> OK
A14: 6 | B14: Perubahan Bulan Mei | C14: ='Data Pemasukan'!C10 -> 0 | D14: ='Data Pemasukan'!D10 -> 0 | E14: ='Data Pemasukan'!E10 -> 0 | F14: ='Data Pemasukan'!F10 -> 0 | G14: ='Data Pemasukan'!G10 -> 0 | H14: ='Data Pemasukan'!H10 -> 0 | I14: ='Data Pemasukan'!I10 -> 0 | J14: ='Data Pemasukan'!J10 -> 0 | ... L14: ='Data Pemasukan'!L10 -> 0 | M14: =SUM(C14:L14) -> 0 | N14: =IF(M14<>"-","OK","ERROR") -> OK
A15: JUMLAH | C15: =C13+C14 -> 8005000 | D15: =D13+D14 -> 9957500 | E15: =E13+E14 -> 1350939.8 | F15: =F13+F14 -> 0 | G15: =G13+G14 -> 77905995 | H15: =H13+H14 -> 7712437 | I15: =I13+I14 -> 50023533 | J15: =J13+J14 -> 18796565 | ... L15: =L13+L14 -> 1250000 | M15: =IF(SUM(C15:L15)=(M13+M14),M13+M14,"ERROR") -> 2.0695287e+08 | N15: =IF(M15="ERROR",M14-L15,"OK") -> OK
A16: 7 | B16: Perubahan Bulan Juni | C16: ='Data Pemasukan'!C11 -> 0 | D16: ='Data Pemasukan'!D11 -> 0 | E16: ='Data Pemasukan'!E11 -> 0 | F16: ='Data Pemasukan'!F11 -> 0 | G16: ='Data Pemasukan'!G11 -> 0 | H16: ='Data Pemasukan'!H11 -> 0 | I16: ='Data Pemasukan'!I11 -> 0 | J16: ='Data Pemasukan'!J11 -> 0 | K16: ='Data Pemasukan'!K11 -> 0 | L16: ='Data Pemasukan'!L15 -> 0 | M16: =SUM(C16:L16) -> 0 | N16: =IF(M16<>"-","OK","ERROR") -> OK
A17: JUMLAH | C17: =C15+C16 -> 8005000 | D17: =D15+D16 -> 9957500 | E17: =E15+E16 -> 1350939.8 | F17: =F15+F16 -> 0 | G17: =G15+G16 -> 77905995 | H17: =H15+H16 -> 7712437 | I17: =I15+I16 -> 50023533 | J17: =J15+J16 -> 18796565 | ... L17: =L15+L16 -> 1250000 | M17: =IF(SUM(C17:L17)=(M15+M16),M15+M16,"ERROR") -> 2.0695287e+08 | N17: =IF(M17="ERROR",M16-L17,"OK") -> OK
A18: 8 | B18: Perubahan Bulan Juli | C18: ='Data Pemasukan'!C12 -> 0 | D18: ='Data Pemasukan'!D12 -> 0 | E18: ='Data Pemasukan'!E12 -> 0 | F18: ='Data Pemasukan'!F12 -> 0 | G18: ='Data Pemasukan'!G12 -> 0 | H18: ='Data Pemasukan'!H12 -> 0 | I18: ='Data Pemasukan'!I12 -> 0 | J18: ='Data Pemasukan'!J12 -> 0 | ... L18: ='Data Pemasukan'!L12 -> 0 | M18: =SUM(C18:L18) -> 0 | N18: =IF(M18<>"-","OK","ERROR") -> OK
A19: JUMLAH | C19: =C17+C18 -> 8005000 | D19: =D17+D18 -> 9957500 | E19: =E17+E18 -> 1350939.8 | F19: =F17+F18 -> 0 | G19: =G17+G18 -> 77905995 | H19: =H17+H18 -> 7712437 | I19: =I17+I18 -> 50023533 | J19: =J17+J18 -> 18796565 | ... L19: =L17+L18 -> 1250000 | M19: =IF(SUM(C19:L19)=(M17+M18),M17+M18,"ERROR") -> 2.0695287e+08 | N19: =IF(M19="ERROR",M18-L19,"OK") -> OK
A20: 9 | B20: Perubahan Bulan Agustus | C20: ='Data Pemasukan'!C13 -> 0 | D20: ='Data Pemasukan'!D13 -> 0 | E20: ='Data Pemasukan'!E13 -> 0 | F20: ='Data Pemasukan'!F13 -> 0 | G20: ='Data Pemasukan'!G13 -> 0 | H20: ='Data Pemasukan'!H13 -> 0 | I20: ='Data Pemasukan'!I13 -> 0 | J20: ='Data Pemasukan'!J13 -> 0 | ... L20: ='Data Pemasukan'!L13 -> 0 | M20: =SUM(C20:L20) -> 0 | N20: =IF(M20<>"-","OK","ERROR") -> OK
A21: JUMLAH | C21: =C19+C20 -> 8005000 | D21: =D19+D20 -> 9957500 | E21: =E19+E20 -> 1350939.8 | F21: =F19+F20 -> 0 | G21: =G19+G20 -> 77905995 | H21: =H19+H20 -> 7712437 | I21: =I19+I20 -> 50023533 | J21: =J19+J20 -> 18796565 | ... L21: =L19+L20 -> 1250000 | M21: =IF(SUM(C21:L21)=(M19+M20),M19+M20,"ERROR") -> 2.0695287e+08 | N21: =IF(M21="ERROR",M20-L21,"OK") -> OK
A22: 10 | B22: Perubahan Bulan September | C22: ='Data Pemasukan'!C14 -> 0 | D22: ='Data Pemasukan'!D14 -> 0 | E22: ='Data Pemasukan'!E14 -> 0 | F22: ='Data Pemasukan'!F14 -> 0 | G22: ='Data Pemasukan'!G14 -> 0 | H22: ='Data Pemasukan'!H14 -> 0 | I22: ='Data Pemasukan'!I14 -> 0 | J22: ='Data Pemasukan'!J14 -> 0 | ... L22: ='Data Pemasukan'!L14 -> 0 | M22: =SUM(C22:L22) -> 0 | N22: =IF(M22<>"-","OK","ERROR") -> OK
A23: JUMLAH | C23: =C21+C22 -> 8005000 | D23: =D21+D22 -> 9957500 | E23: =E21+E22 -> 1350939.8 | F23: =F21+F22 -> 0 | G23: =G21+G22 -> 77905995 | H23: =H21+H22 -> 7712437 | I23: =I21+I22 -> 50023533 | J23: =J21+J22 -> 18796565 | ... L23: =L21+L22 -> 1250000 | M23: =IF(SUM(C23:L23)=(M21+M22),M21+M22,"ERROR") -> 2.0695287e+08 | N23: =IF(M23="ERROR",M22-L23,"OK") -> OK
A24: 11 | B24: Perubahan Bulan Oktober | C24: ='Data Pemasukan'!C15 -> 0 | D24: ='Data Pemasukan'!D15 -> 0 | E24: ='Data Pemasukan'!E15 -> 0 | F24: ='Data Pemasukan'!F15 -> 0 | G24: ='Data Pemasukan'!G15 -> 0 | H24: ='Data Pemasukan'!H15 -> 0 | I24: ='Data Pemasukan'!I15 -> 0 | J24: ='Data Pemasukan'!J15 -> 0 | ... L24: ='Data Pemasukan'!L15 -> 0 | M24: =SUM(C24:L24) -> 0 | N24: =IF(M24<>"-","OK","ERROR") -> OK
A25: JUMLAH | C25: =C23+C24 -> 8005000 | D25: =D23+D24 -> 9957500 | E25: =E23+E24 -> 1350939.8 | F25: =F23+F24 -> 0 | G25: =G23+G24 -> 77905995 | H25: =H23+H24 -> 7712437 | I25: =I23+I24 -> 50023533 | J25: =J23+J24 -> 18796565 | ... L25: =L23+L24 -> 1250000 | M25: =IF(SUM(C25:L25)=(M23+M24),M23+M24,"ERROR") -> 2.0695287e+08 | N25: =IF(M25="ERROR",M24-L25,"OK") -> OK
A26: 12 | B26: Perubahan Bulan November | C26: ='Data Pemasukan'!C16 -> 0 | D26: ='Data Pemasukan'!D16 -> 0 | E26: ='Data Pemasukan'!E16 -> 0 | F26: ='Data Pemasukan'!F16 -> 0 | G26: ='Data Pemasukan'!G16 -> 0 | H26: ='Data Pemasukan'!H16 -> 0 | I26: ='Data Pemasukan'!I16 -> 0 | J26: ='Data Pemasukan'!J16 -> 0 | ... L26: ='Data Pemasukan'!L16 -> 0 | M26: =SUM(C26:L26) -> 0 | N26: =IF(M26<>"-","OK","ERROR") -> OK
A27: JUMLAH | C27: =C25+C26 -> 8005000 | D27: =D25+D26 -> 9957500 | E27: =E25+E26 -> 1350939.8 | F27: =F25+F26 -> 0 | G27: =G25+G26 -> 77905995 | H27: =H25+H26 -> 7712437 | I27: =I25+I26 -> 50023533 | J27: =J25+J26 -> 18796565 | ... L27: =L25+L26 -> 1250000 | M27: =IF(SUM(C27:L27)=(M25+M26),M25+M26,"ERROR") -> 2.0695287e+08 | N27: =IF(M27="ERROR",M26-L27,"OK") -> OK
A28: 13 | B28: Perubahan Bulan Desember | C28: ='Data Pemasukan'!C17 -> 0 | D28: ='Data Pemasukan'!D17 -> 0 | E28: ='Data Pemasukan'!E17 -> 0 | F28: ='Data Pemasukan'!F17 -> 0 | G28: ='Data Pemasukan'!G17 -> 0 | H28: ='Data Pemasukan'!H17 -> 0 | I28: ='Data Pemasukan'!I17 -> 0 | J28: ='Data Pemasukan'!J17 -> 0 | ... L28: ='Data Pemasukan'!L17 -> 0 | M28: =SUM(C28:L28) -> 0 | N28: =IF(M28<>"-","OK","ERROR") -> OK
A29: JUMLAH | C29: =C27+C28 -> 8005000 | D29: =D27+D28 -> 9957500 | E29: =E27+E28 -> 1350939.8 | F29: =F27+F28 -> 0 | G29: =G27+G28 -> 77905995 | H29: =H27+H28 -> 7712437 | I29: =I27+I28 -> 50023533 | J29: =J27+J28 -> 18796565 | ... L29: =L27+L28 -> 1250000 | M29: =IF(SUM(C29:L29)=(M27+M28),M27+M28,"ERROR") -> 2.0695287e+08 | N29: =IF(M29="ERROR",M28-L29,"OK") -> OK

Sheet Hasil Pengeluaran
A3: No. | B3: RINCIAN | C3: SIMPANAN ANGGOTA | F3: SIMPANAN BJB | G3: MD | H3: SHU | I3: DANA-DANA | J3: PEMB. BARANG | K3: PEMB. INVENTARIS | L3: BIAYA UMUM | M3: CAD. MODAL | N3: JUMLAH PENGELUARAN | O3: KET.
C4: POKOK | D4: WAJIB | E4: LAIN-LAIN
A5: 1 | B5: Neraca Akhir Tahun Lalu | C5: ='Data Pengeluaran'!C5 -> 0 | D5: ='Data Pengeluaran'!D5 -> 0 | E5: ='Data Pengeluaran'!E5 -> 0 | F5: ='Data Pengeluaran'!F5 -> 1.3411697e+08 | G5: ='Data Pengeluaran'!G5 -> 0 | H5: ='Data Pengeluaran'!H5 -> 0 | I5: ='Data Pengeluaran'!I5 -> 0 | J5: ='Data Pengeluaran'!J5 -> 10717002 | ... M5: ='Data Pengeluaran'!M5 -> 0 | N5: =SUM(C5:M5) -> 1.5375197e+08 | O5: =IF(N5<>"0","OK","ERROR") -> OK
A6: 2 | B6: Perubahan Bulan Januari | C6: ='Data Pengeluaran'!C6 -> 0 | D6: ='Data Pengeluaran'!D6 -> 0 | E6: ='Data Pengeluaran'!E6 -> 0 | F6: ='Data Pengeluaran'!F6 -> 4000000 | G6: ='Data Pengeluaran'!G6 -> 0 | H6: ='Data Pengeluaran'!H6 -> 0 | I6: ='Data Pengeluaran'!I6 -> 0 | J6: ='Data Pengeluaran'!J6 -> 24800900 | ... M6: ='Data Pengeluaran'!M6 -> 0 | N6: =SUM(C6:M6) -> 30075900 | O6: =IF(N6<>"0","OK","ERROR") -> OK
A7: JUMLAH | C7: =C5+C6 -> 0 | D7: =D5+D6 -> 0 | E7: =E5+E6 -> 0 | F7: =F5+F6 -> 1.3811697e+08 | G7: =G5+G6 -> 0 | H7: =H5+H6 -> 0 | I7: =I5+I6 -> 0 | J7: =J5+J6 -> 35517902 | ... M7: =M5+M6 -> 0 | N7: =IF(SUM(C7:M7)=(N5+N6),N5+N6,"ERROR") -> 1.8382787e+08 | O7: =IF(N7="ERROR",N6-M7,"OK") -> OK
A8: 3 | B8: Perubahan Bulan Februari | C8: ='Data Pengeluaran'!C7 -> 0 | D8: ='Data Pengeluaran'!D7 -> 0 | E8: ='Data Pengeluaran'!E7 -> 0 | F8: ='Data Pengeluaran'!F7 -> 0 | G8: ='Data Pengeluaran'!G7 -> 0 | H8: ='Data Pengeluaran'!H7 -> 0 | I8: ='Data Pengeluaran'!I7 -> 0 | J8: ='Data Pengeluaran'!J7 -> 0 | ... M8: ='Data Pengeluaran'!M7 -> 0 | N8: =SUM(C8:M8) -> 0 | O8: =IF(N8<>"0","OK","ERROR") -> OK
A9: JUMLAH | C9: =C7+C8 -> 0 | D9: =D7+D8 -> 0 | E9: =E7+E8 -> 0 | F9: =F7+F8 -> 1.3811697e+08 | G9: =G7+G8 -> 0 | H9: =H7+H8 -> 0 | I9: =I7+I8 -> 0 | J9: =J7+J8 -> 35517902 | ... M9: =M7+M8 -> 0 | N9: =IF(SUM(C9:M9)=(N7+N8),N7+N8,"ERROR") -> 1.8382787e+08 | O9: =IF(N9="ERROR",N8-M9,"OK") -> OK
A10: 4 | B10: Perubahan Bulan Maret | C10: ='Data Pengeluaran'!C8 -> 0 | D10: ='Data Pengeluaran'!D8 -> 0 | E10: ='Data Pengeluaran'!E8 -> 0 | F10: ='Data Pengeluaran'!F8 -> 0 | G10: ='Data Pengeluaran'!G8 -> 0 | H10: ='Data Pengeluaran'!H8 -> 0 | I10: ='Data Pengeluaran'!I8 -> 0 | J10: ='Data Pengeluaran'!J8 -> 0 | ... M10: ='Data Pengeluaran'!M8 -> 0 | N10: =SUM(C10:M10) -> 0 | O10: =IF(N10<>"0","OK","ERROR") -> OK
A11: JUMLAH | C11: =C9+C10 -> 0 | D11: =D9+D10 -> 0 | E11: =E9+E10 -> 0 | F11: =F9+F10 -> 1.3811697e+08 | G11: =G9+G10 -> 0 | H11: =H9+H10 -> 0 | I11: =I9+I10 -> 0 | J11: =J9+J10 -> 35517902 | ... M11: =M9+M10 -> 0 | N11: =IF(SUM(C11:M11)=(N9+N10),N9+N10,"ERROR") -> 1.8382787e+08 | O11: =IF(N11="ERROR",N10-M11,"OK") -> OK
A12: 5 | B12: Perubahan Bulan April | C12: ='Data Pengeluaran'!C9 -> 0 | D12: ='Data Pengeluaran'!D9 -> 0 | E12: ='Data Pengeluaran'!E9 -> 0 | F12: ='Data Pengeluaran'!F9 -> 0 | G12: ='Data Pengeluaran'!G9 -> 0 | H12: ='Data Pengeluaran'!H9 -> 0 | I12: ='Data Pengeluaran'!I9 -> 0 | J12: ='Data Pengeluaran'!J9 -> 0 | ... M12: ='Data Pengeluaran'!M9 -> 0 | N12: =SUM(C12:M12) -> 0 | O12: =IF(N12<>"0","OK","ERROR") -> OK
A13: JUMLAH | C13: =C11+C12 -> 0 | D13: =D11+D12 -> 0 | E13: =E11+E12 -> 0 | F13: =F11+F12 -> 1.3811697e+08 | G13: =G11+G12 -> 0 | H13: =H11+H12 -> 0 | I13: =I11+I12 -> 0 | J13: =J11+J12 -> 35517902 | ... M13: =M11+M12 -> 0 | N13: =IF(SUM(C13:M13)=(N11+N12),N11+N12,"ERROR") -> 1.8382787e+08 | O13: =IF(N13="ERROR",N12-M13,"OK") -> OK
A14: 6 | B14: Perubahan Bulan Mei | C14: ='Data Pengeluaran'!C10 -> 0 | D14: ='Data Pengeluaran'!D10 -> 0 | E14: ='Data Pengeluaran'!E10 -> 0 | F14: ='Data Pengeluaran'!F10 -> 0 | G14: ='Data Pengeluaran'!G10 -> 0 | H14: ='Data Pengeluaran'!H10 -> 0 | I14: ='Data Pengeluaran'!I10 -> 0 | J14: ='Data Pengeluaran'!J10 -> 0 | ... M14: ='Data Pengeluaran'!M10 -> 0 | N14: =SUM(C14:M14) -> 0 | O14: =IF(N14<>"0","OK","ERROR") -> OK
A15: JUMLAH | C15: =C13+C14 -> 0 | D15: =D13+D14 -> 0 | E15: =E13+E14 -> 0 | F15: =F13+F14 -> 1.3811697e+08 | G15: =G13+G14 -> 0 | H15: =H13+H14 -> 0 | I15: =I13+I14 -> 0 | J15: =J13+J14 -> 35517902 | ... M15: =M13+M14 -> 0 | N15: =IF(SUM(C15:M15)=(N13+N14),N13+N14,"ERROR") -> 1.8382787e+08 | O15: =IF(N15="ERROR",N14-M15,"OK") -> OK
A16: 7 | B16: Perubahan Bulan Juni | C16: ='Data Pengeluaran'!C11 -> 0 | D16: ='Data Pengeluaran'!D15 -> 0 | E16: ='Data Pengeluaran'!E15 -> 0 | F16: ='Data Pengeluaran'!F11 -> 0 | G16: ='Data Pengeluaran'!G15 -> 0 | H16: ='Data Pengeluaran'!H15 -> 0 | I16: ='Data Pengeluaran'!I15 -> 0 | J16: ='Data Pengeluaran'!J11 -> 0 | K16: ='Data Pengeluaran'!K15 -> 0 | L16: ='Data Pengeluaran'!L11 -> 0 | M16: ='Data Pengeluaran'!M15 -> 0 | N16: =SUM(C16:M16) -> 0 | O16: =IF(N16<>"0","OK","ERROR") -> OK
A17: JUMLAH | C17: =C15+C16 -> 0 | D17: =D15+D16 -> 0 | E17: =E15+E16 -> 0 | F17: =F15+F16 -> 1.3811697e+08 | G17: =G15+G16 -> 0 | H17: =H15+H16 -> 0 | I17: =I15+I16 -> 0 | J17: =J15+J16 -> 35517902 | ... M17: =M15+M16 -> 0 | N17: =IF(SUM(C17:M17)=(N15+N16),N15+N16,"ERROR") -> 1.8382787e+08 | O17: =IF(N17="ERROR",N16-M17,"OK") -> OK
A18: 8 | B18: Perubahan Bulan Juli | C18: ='Data Pengeluaran'!C12 -> 0 | D18: ='Data Pengeluaran'!D17 -> 0 | E18: ='Data Pengeluaran'!E17 -> 0 | F18: ='Data Pengeluaran'!F12 -> 0 | G18: ='Data Pengeluaran'!G17 -> 0 | H18: ='Data Pengeluaran'!H17 -> 0 | I18: ='Data Pengeluaran'!I12 -> 0 | J18: ='Data Pengeluaran'!J12 -> 0 | K18: ='Data Pengeluaran'!K17 -> 0 | L18: ='Data Pengeluaran'!L12 -> 0 | M18: ='Data Pengeluaran'!M17 -> 0 | N18: =SUM(C18:M18) -> 0 | O18: =IF(N18<>"0","OK","ERROR") -> OK
A19: JUMLAH | C19: =C17+C18 -> 0 | D19: =D17+D18 -> 0 | E19: =E17+E18 -> 0 | F19: =F17+F18 -> 1.3811697e+08 | G19: =G17+G18 -> 0 | H19: =H17+H18 -> 0 | I19: =I17+I18 -> 0 | J19: =J17+J18 -> 35517902 | ... M19: =M17+M18 -> 0 | N19: =IF(SUM(C19:M19)=(N17+N18),N17+N18,"ERROR") -> 1.8382787e+08 | O19: =IF(N19="ERROR",N18-M19,"OK") -> OK
A20: 9 | B20: Perubahan Bulan Agustus | C20: ='Data Pengeluaran'!C13 -> 0 | D20: ='Data Pengeluaran'!D13 -> 0 | E20: ='Data Pengeluaran'!E13 -> 0 | F20: ='Data Pengeluaran'!F13 -> 0 | G20: ='Data Pengeluaran'!G13 -> 0 | H20: ='Data Pengeluaran'!H13 -> 0 | I20: ='Data Pengeluaran'!I13 -> 0 | J20: ='Data Pengeluaran'!J13 -> 0 | ... M20: ='Data Pengeluaran'!M13 -> 0 | N20: =SUM(C20:M20) -> 0 | O20: =IF(N20<>"0","OK","ERROR") -> OK
A21: JUMLAH | C21: =C19+C20 -> 0 | D21: =D19+D20 -> 0 | E21: =E19+E20 -> 0 | F21: =F19+F20 -> 1.3811697e+08 | G21: =G19+G20 -> 0 | H21: =H19+H20 -> 0 | I21: =I19+I20 -> 0 | J21: =J19+J20 -> 35517902 | ... M21: =M19+M20 -> 0 | N21: =IF(SUM(C21:M21)=(N19+N20),N19+N20,"ERROR") -> 1.8382787e+08 | O21: =IF(N21="ERROR",N20-M21,"OK") -> OK
A22: 10 | B22: Perubahan Bulan September | C22: ='Data Pengeluaran'!C14 -> 0 | D22: ='Data Pengeluaran'!D14 -> 0 | E22: ='Data Pengeluaran'!E14 -> 0 | F22: ='Data Pengeluaran'!F14 -> 0 | G22: ='Data Pengeluaran'!G14 -> 0 | H22: ='Data Pengeluaran'!H14 -> 0 | I22: ='Data Pengeluaran'!I14 -> 0 | J22: ='Data Pengeluaran'!J14 -> 0 | ... M22: ='Data Pengeluaran'!M14 -> 0 | N22: =SUM(C22:M22) -> 0 | O22: =IF(N22<>"0","OK","ERROR") -> OK
A23: JUMLAH | C23: =C21+C22 -> 0 | D23: =D21+D22 -> 0 | E23: =E21+E22 -> 0 | F23: =F21+F22 -> 1.3811697e+08 | G23: =G21+G22 -> 0 | H23: =H21+H22 -> 0 | I23: =I21+I22 -> 0 | J23: =J21+J22 -> 35517902 | ... M23: =M21+M22 -> 0 | N23: =IF(SUM(C23:M23)=(N21+N22),N21+N22,"ERROR") -> 1.8382787e+08 | O23: =IF(N23="ERROR",N22-M23,"OK") -> OK
A24: 11 | B24: Perubahan Bulan Oktober | C24: ='Data Pengeluaran'!C15 -> 0 | D24: ='Data Pengeluaran'!D15 -> 0 | E24: ='Data Pengeluaran'!E15 -> 0 | F24: ='Data Pengeluaran'!F15 -> 0 | G24: ='Data Pengeluaran'!G15 -> 0 | H24: ='Data Pengeluaran'!H15 -> 0 | I24: ='Data Pengeluaran'!I15 -> 0 | J24: ='Data Pengeluaran'!J15 -> 0 | ... M24: ='Data Pengeluaran'!M15 -> 0 | N24: =SUM(C24:M24) -> 0 | O24: =IF(N24<>"0","OK","ERROR") -> OK
A25: JUMLAH | C25: =C23+C24 -> 0 | D25: =D23+D24 -> 0 | E25: =E23+E24 -> 0 | F25: =F23+F24 -> 1.3811697e+08 | G25: =G23+G24 -> 0 | H25: =H23+H24 -> 0 | I25: =I23+I24 -> 0 | J25: =J23+J24 -> 35517902 | ... M25: =M23+M24 -> 0 | N25: =IF(SUM(C25:M25)=(N23+N24),N23+N24,"ERROR") -> 1.8382787e+08 | O25: =IF(N25="ERROR",N24-M25,"OK") -> OK
A26: 12 | B26: Perubahan Bulan November | C26: ='Data Pengeluaran'!C16 -> 0 | D26: ='Data Pengeluaran'!D16 -> 0 | E26: ='Data Pengeluaran'!E16 -> 0 | F26: ='Data Pengeluaran'!F16 -> 0 | G26: ='Data Pengeluaran'!G16 -> 0 | H26: ='Data Pengeluaran'!H16 -> 0 | I26: ='Data Pengeluaran'!I16 -> 0 | J26: ='Data Pengeluaran'!J16 -> 0 | ... M26: ='Data Pengeluaran'!M16 -> 0 | N26: =SUM(C26:M26) -> 0 | O26: =IF(N26<>"0","OK","ERROR") -> OK
A27: JUMLAH | C27: =C25+C26 -> 0 | D27: =D25+D26 -> 0 | E27: =E25+E26 -> 0 | F27: =F25+F26 -> 1.3811697e+08 | G27: =G25+G26 -> 0 | H27: =H25+H26 -> 0 | I27: =I25+I26 -> 0 | J27: =J25+J26 -> 35517902 | ... M27: =M25+M26 -> 0 | N27: =IF(SUM(C27:M27)=(N25+N26),N25+N26,"ERROR") -> 1.8382787e+08 | O27: =IF(N27="ERROR",N26-M27,"OK") -> OK
A28: 13 | B28: Perubahan Bulan Desember | C28: ='Data Pengeluaran'!C17 -> 0 | D28: ='Data Pengeluaran'!D17 -> 0 | E28: ='Data Pengeluaran'!E17 -> 0 | F28: ='Data Pengeluaran'!F17 -> 0 | G28: ='Data Pengeluaran'!G17 -> 0 | H28: ='Data Pengeluaran'!H17 -> 0 | I28: ='Data Pengeluaran'!I17 -> 0 | J28: ='Data Pengeluaran'!J17 -> 0 | ... M28: ='Data Pengeluaran'!M17 -> 0 | N28: =SUM(C28:M28) -> 0 | O28: =IF(N28<>"0","OK","ERROR") -> OK
A29: JUMLAH | C29: =C27+C28 -> 0 | D29: =D27+D28 -> 0 | E29: =E27+E28 -> 0 | F29: =F27+F28 -> 1.3811697e+08 | G29: =G27+G28 -> 0 | H29: =H27+H28 -> 0 | I29: =I27+I28 -> 0 | J29: =J27+J28 -> 35517902 | ... M29: =M27+M28 -> 0 | N29: =IF(SUM(C29:M29)=(N27+N28),N27+N28,"ERROR") -> 1.8382787e+08 | O29: =IF(N29="ERROR",N28-M29,"OK") -> OK

Sheet Hasil Akhir
A1: BUKU TABELARIS 2025
A3: No. | B3: RINCIAN | C3: SIMPANAN ANGGOTA | F3: SIMPANAN BJB | G3: CM | H3: MD | I3: SHU | J3: DANA | K3: PENJUALAN | L3: JASA | M3: JUMLAH PENERIMAAN | N3: BATAS PEMISAH ANTARA PEMASUKAN DAN PENGELUARAN | O3: No. | P3: RINCIAN | Q3: SIMPANAN ANGGOTA | T3: SIMPANAN BJB | U3: MD | V3: SHU | W3: DANA-DANA | X3: PEMB. BARANG | Y3: PEMB. INVENTARIS | Z3: BIAYA UMUM | AA3: CAD. MODAL | AB3: JUMLAH PENGELUARAN | AC3: SISA KAS | AD3: JUMLAH | AE3: KET.
C4: POKOK | D4: WAJIB | E4: LAIN-LAIN | Q4: POKOK | R4: WAJIB | S4: LAIN-LAIN | AD4: BALANCE
A5: 1 | B5: Neraca Akhir Tahun Lalu | C5: 0 | D5: 293030000 | E5: 17695117 | G5: 178463062 | H5: 1682983 | I5: 42782633 | J5: 12134202 | L5: ='[1]Hasil Pemasukan'!L5 -> 0 | M5: =SUM(C5:L5) -> 5.45788e+08 | O5: 1 | P5: Neraca Akhir Tahun Lalu | Q5: ='[1]Hasil Pengeluaran'!C5 -> 0 | S5: ='[1]Hasil Pengeluaran'!E5 -> 0 | T5: 0 | X5: 17592965 | Y5: 2062400 | Z5: ='[1]Hasil Pengeluaran'!L5 -> 0 | AA5: ='[1]Hasil Pengeluaran'!M5 -> 0 | AB5: =SUM(Q5:AA5) -> 19655365 | AC5: 5.2613263e+08 | AD5: =AB5+AC5 -> 5.45788e+08 | AE5: =IF(AD5="ERROR",(AB5+AC5)-M5,"OK") -> OK
A6: 2 | B6: Perubahan Bulan Januari | C6: ='[1]Hasil Pemasukan'!C6 -> 0 | D6: 11470000 | E6: 8556526.6 | G6: 8556526.6 | J6: 17113053 | K6: 19458029 | M6: =SUM(C6:L6) -> 65154135 | O6: 2 | P6: Perubahan Bulan Januari | Q6: ='[1]Hasil Pengeluaran'!C6 -> 0 | R6: 0 | S6: ='[1]Hasil Pengeluaran'!E6 -> 0 | U6: 1000000 | V6: 42782633 | W6: 13050000 | X6: 16958029 | Y6: 0 | Z6: 1750000 | AA6: ='[1]Hasil Pengeluaran'!M6 -> 0 | AB6: =SUM(Q6:AA6) -> 75540662
A7: JUMLAH | C7: =C5+C6 -> 0 | D7: =D5+D6 -> 304500000 | E7: =E5+E6 -> 26251644 | F7: =F5+F6 -> 0 | G7: =G5+G6 -> 1.8701959e+08 | H7: =H5+H6 -> 1682983 | I7: =I5+I6 -> 42782633 | J7: =J5+J6 -> 29247255 | ... L7: =L5+L6 -> 0 | M7: =IF(SUM(C7:L7)=(M5+M6),M5+M6,"ERROR") -> 6.1094213e+08 | O7: JUMLAH | Q7: =Q5+Q6 -> 0 | R7: =R5+R6 -> 0 | S7: =S5+S6 -> 0 | T7: =T5+T6 -> 0 | U7: =U5+U6 -> 1000000 | V7: =V5+V6 -> 42782633 | W7: =W5+W6 -> 13050000 | X7: =X5+X6 -> 34550994 | ... AA7: =AA5+AA6 -> 0 | AB7: =IF(SUM(Q7:AA7)=(AB5+AB6),AB5+AB6,"ERROR") -> 95196027 | AC7: 5.1574611e+08 | AD7: =AB7+AC7 -> 6.1094213e+08 | AE7: =IF(AD7="ERROR",(AB7+AC7)-M7,"OK") -> OK
A8: 3 | B8: Perubahan Bulan Februari | C8: 0 | D8: 17555000 | E8: 0 | F8: 0 | G8: 0 | H8: 0 | I8: 0 | J8: 0 | K8: 18991971 | L8: 0 | M8: =SUM(C8:L8) -> 36546971 | O8: 3 | P8: Perubahan Bulan Februari | Q8: 0 | R8: 275000 | S8: 0 | T8: 0 | U8: 0 | V8: 0 | W8: 0 | X8: 10307839 | Y8: 0 | Z8: 1750000 | AA8: 0 | AB8: =SUM(Q8:AA8) -> 12332839
A9: JUMLAH | C9: =C7+C8 -> 0 | D9: =D7+D8 -> 322055000 | E9: =E7+E8 -> 26251644 | F9: =F7+F8 -> 0 | G9: =G7+G8 -> 1.8701959e+08 | H9: =H7+H8 -> 1682983 | I9: =I7+I8 -> 42782633 | J9: =J7+J8 -> 29247255 | ... L9: =L7+L8 -> 0 | M9: =IF(SUM(C9:L9)=(M7+M8),M7+M8,"ERROR") -> 6.474891e+08 | O9: JUMLAH | Q9: =Q7+Q8 -> 0 | R9: =R7+R8 -> 275000 | S9: =S7+S8 -> 0 | T9: =T7+T8 -> 0 | U9: =U7+U8 -> 1000000 | V9: =V7+V8 -> 42782633 | W9: =W7+W8 -> 13050000 | X9: =X7+X8 -> 44858833 | ... AA9: =AA7+AA8 -> 0 | AB9: =IF(SUM(Q9:AA9)=(AB7+AB8),AB7+AB8,"ERROR") -> 107528866 | AC9: 2.5588273e+08 | AD9: =AB9+AC9 -> 3.634116e+08 | AE9: =IF(AD9="ERROR",(AB9+AC9)-M9,"OK") -> OK
A10: 4 | B10: Perubahan Bulan Maret | D10: 0 | K10: 0 | M10: =SUM(C10:L10) -> 0 | O10: 4 | P10: Perubahan Bulan Maret | R10: 0 | W10: 0 | X10: 0 | Y10: 0 | Z10: 1750000 | AB10: =SUM(Q10:AA10) -> 1750000
A11: JUMLAH | C11: =C9+C10 -> 0 | D11: =D9+D10 -> 322055000 | E11: =E9+E10 -> 26251644 | F11: =F9+F10 -> 0 | G11: =G9+G10 -> 1.8701959e+08 | H11: =H9+H10 -> 1682983 | I11: =I9+I10 -> 42782633 | J11: =J9+J10 -> 29247255 | ... L11: =L9+L10 -> 0 | M11: =IF(SUM(C11:L11)=(M9+M10),M9+M10,"ERROR") -> 6.474891e+08 | O11: JUMLAH | Q11: =Q9+Q10 -> 0 | R11: =R9+R10 -> 275000 | S11: =S9+S10 -> 0 | T11: =T9+T10 -> 0 | U11: =U9+U10 -> 1000000 | V11: =V9+V10 -> 42782633 | W11: =W9+W10 -> 13050000 | X11: =X9+X10 -> 44858833 | ... AA11: =AA9+AA10 -> 0 | AB11: =IF(SUM(Q11:AA11)=(AB9+AB10),AB9+AB10,"ERROR") -> 109278866 | AC11: 2.9084773e+08 | AD11: =AB11+AC11 -> 4.001266e+08 | AE11: =IF(AD11="ERROR",(AB11+AC11)-M11,"OK") -> OK
A12: 5 | B12: Perubahan Bulan April | D12: 2835000 | E12: 0 | F12: 0 | G12: 0 | H12: 0 | I12: 0 | J12: 0 | K12: 0 | M12: =SUM(C12:L12) -> 2835000 | O12: 5 | P12: Perubahan Bulan April | R12: 0 | S12: 0 | T12: 0 | V12: 0 | W12: 0 | X12: 4950000 | Y12: 0 | Z12: 1750000 | AB12: =SUM(Q12:AA12) -> 6700000
A13: JUMLAH | C13: =C11+C12 -> 0 | D13: =D11+D12 -> 324890000 | E13: =E11+E12 -> 26251644 | F13: =F11+F12 -> 0 | G13: =G11+G12 -> 1.8701959e+08 | H13: =H11+H12 -> 1682983 | I13: =I11+I12 -> 42782633 | J13: =J11+J12 -> 29247255 | ... L13: =L11+L12 -> 0 | M13: =IF(SUM(C13:L13)=(M11+M12),M11+M12,"ERROR") -> 6.503241e+08 | O13: JUMLAH | Q13: ='Hasil Pengeluaran'!C12 -> 0 | R13: =R11+R12 -> 275000 | S13: =S11+S12 -> 0 | T13: =T11+T12 -> 0 | U13: =U11+U12 -> 1000000 | V13: =V11+V12 -> 42782633 | W13: =W11+W12 -> 13050000 | X13: =X11+X12 -> 49808833 | Y13: =Y11+Y12 -> 2062400 | ... AA13: =AA11+AA12 -> 0 | AB13: =IF(SUM(Q13:AA13)=(AB11+AB12),AB11+AB12,"ERROR") -> 115978866 | AC13: 3.6530873e+08 | AD13: =AB13+AC13 -> 4.812876e+08 | AE13: =IF(AD13="ERROR",(AB13+AC13)-M13,"OK") -> OK
B14: Perubahan Bulan Mei | D14: 7750000 | E14: 0 | F14: 0 | G14: 0 | H14: 0 | I14: 0 | J14: 0 | K14: 23160000 | L14: 0 | M14: =SUM(C14:L14) -> 30910000 | O14: 6 | P14: Perubahan Bulan Mei | Q14: 0 | R14: 245045000 | S14: 0 | T14: 0 | U14: 239000 | V14: 4373485 | X14: 25917500 | Z14: 1700000 | AA14: 0 | AB14: =SUM(Q14:AA14) -> 277274985
A15: JUMLAH | C15: =C13+C14 -> 0 | D15: =D13+D14 -> 332640000 | E15: =E13+E14 -> 26251644 | F15: =F13+F14 -> 0 | G15: =G13+G14 -> 1.8701959e+08 | H15: =H13+H14 -> 1682983 | I15: =I13+I14 -> 42782633 | J15: =J13+J14 -> 29247255 | ... L15: =L13+L14 -> 0 | M15: =IF(SUM(C15:L15)=(M13+M14),M13+M14,"ERROR") -> 6.812341e+08 | O15: JUMLAH | Q15: =Q13+Q14 -> 0 | R15: =R13+R14 -> 245320000 | S15: =S13+S14 -> 0 | T15: =T13+T14 -> 0 | U15: =U13+U14 -> 1239000 | V15: =V13+V14 -> 47156118 | W15: =W13+W14 -> 13050000 | X15: =X13+X14 -> 75726333 | ... AA15: =AA13+AA14 -> 0 | AB15: =SUM(Q15:AA15) -> 393253851 | AC15: 1.1894375e+08 | AD15: =AB15+AC15 -> 5.121976e+08 | AE15: =IF(AD15="ERROR",(AB15+AC15)-M15,"OK") -> OK
A16: 7 | B16: Perubahan Bulan Juni | D16: 24830000 | K16: 8839100 | M16: =SUM(C16:L16) -> 33669100 | O16: 7 | P16: Perubahan Bulan Juni | R16: 0 | S16: 0 | T16: 0 | W16: 608000 | X16: 5339100 | Z16: 1700000 | AB16: =SUM(Q16:AA16) -> 7647100
A17: JUMLAH | C17: =C15+C16 -> 0 | D17: =D15+D16 -> 357470000 | E17: =E15+E16 -> 26251644 | F17: =F15+F16 -> 0 | G17: =G15+G16 -> 1.8701959e+08 | H17: =H15+H16 -> 1682983 | I17: =I15+I16 -> 42782633 | J17: =J15+J16 -> 29247255 | ... L17: =L15+L16 -> 0 | M17: =IF(SUM(C17:L17)=(M15+M16),M15+M16,"ERROR") -> 7.149032e+08 | O17: JUMLAH | Q17: =Q15+Q16 -> 0 | R17: =R15+R16 -> 245320000 | S17: =S15+S16 -> 0 | T17: =T15+T16 -> 0 | U17: =U15+U16 -> 1239000 | V17: =V15+V16 -> 47156118 | W17: =W15+W16 -> 13658000 | X17: =X15+X16 -> 81065433 | ... AA17: =AA15+AA16 -> 0 | AB17: =SUM(Q17:AA17) -> 400900951 | AC17: 1.4496575e+08 | AD17: =AB17+AC17 -> 5.458667e+08 | AE17: =IF(AD17="ERROR",(AB17+AC17)-M17,"OK") -> OK
A18: 8 | B18: Perubahan Bulan Juli | C18: 0 | D18: 0 | K18: 85670200 | M18: =SUM(C18:L18) -> 85670200 | O18: 8 | P18: Perubahan Bulan Juli | W18: 0 | X18: 25926200 | Y18: 90000 | Z18: 1700000 | AB18: =SUM(Q18:AA18) -> 27716200
A19: JUMLAH | C19: =C17+C18 -> 0 | D19: =D17+D18 -> 357470000 | E19: =E17+E18 -> 26251644 | F19: =F17+F18 -> 0 | G19: =G17+G18 -> 1.8701959e+08 | H19: =H17+H18 -> 1682983 | I19: =I17+I18 -> 42782633 | J19: =J17+J18 -> 29247255 | ... L19: =L17+L18 -> 0 | M19: =IF(SUM(C19:L19)=(M17+M18),M17+M18,"ERROR") -> 8.005734e+08 | O19: JUMLAH | Q19: =Q17+Q18 -> 0 | R19: =R17+R18 -> 245320000 | S19: =S17+S18 -> 0 | T19: =T17+T18 -> 0 | U19: =U17+U18 -> 1239000 | V19: =V17+V18 -> 47156118 | W19: =W17+W18 -> 13658000 | X19: =X17+X18 -> 106991633 | ... AA19: =AA17+AA18 -> 0 | AB19: =IF(SUM(Q19:AA19)=(AB17+AB18),AB17+AB18,"ERROR") -> 428617151 | AC19: 2.0291975e+08 | AD19: =AB19+AC19 -> 6.315369e+08 | AE19: =IF(AD19="ERROR",(AB19+AC19)-M19,"OK") -> OK
A20: 9 | B20: Perubahan Bulan Agustus | D20: 35300000 | K20: 31880850 | M20: =SUM(C20:L20) -> 67180850 | O20: 9 | P20: Perubahan Bulan Agustus | R20: 370000 | U20: 0 | W20: 200000 | X20: 20880850 | Z20: 1700000 | AB20: =SUM(Q20:AA20) -> 23150850
A21: JUMLAH | C21: =C19+C20 -> 0 | D21: =D19+D20 -> 392770000 | E21: =E19+E20 -> 26251644 | F21: =F19+F20 -> 0 | G21: =G19+G20 -> 1.8701959e+08 | H21: =H19+H20 -> 1682983 | I21: =I19+I20 -> 42782633 | J21: =J19+J20 -> 29247255 | ... L21: =L19+L20 -> 0 | M21: =IF(SUM(C21:L21)=(M19+M20),M19+M20,"ERROR") -> 8.6775425e+08 | O21: JUMLAH | Q21: =Q19+Q20 -> 0 | R21: =R19+R20 -> 245690000 | S21: =S19+S20 -> 0 | T21: =T19+T20 -> 0 | U21: =U19+U20 -> 1239000 | V21: =V19+V20 -> 47156118 | W21: =W19+W20 -> 13858000 | X21: =X19+X20 -> 127872483 | ... AA21: =AA19+AA20 -> 0 | AB21: =SUM(Q21:AA21) -> 451768001 | AC21: 2.4694975e+08 | AD21: =AB21+AC21 -> 6.9871775e+08 | AE21: =IF(AD21="ERROR",(AB21+AC21)-M21,"OK") -> OK
A22: 10 | B22: Perubahan Bulan September | D22: 18300000 | K22: 19314900 | M22: =SUM(C22:L22) -> 37614900 | O22: 10 | P22: Perubahan Bulan September | R22: 135000 | W22: 0 | X22: 14907400 | Y22: 0 | Z22: 1700000 | AB22: =SUM(Q22:AA22) -> 16742400
A23: JUMLAH | C23: =C21+C22 -> 0 | D23: =D21+D22 -> 411070000 | E23: =E21+E22 -> 26251644 | F23: =F21+F22 -> 0 | G23: =G21+G22 -> 1.8701959e+08 | H23: =H21+H22 -> 1682983 | I23: =I21+I22 -> 42782633 | J23: =J21+J22 -> 29247255 | ... L23: =L21+L22 -> 0 | M23: =IF(SUM(C23:L23)=(M21+M22),M21+M22,"ERROR") -> 9.0536915e+08 | O23: JUMLAH | Q23: =Q21+Q22 -> 0 | R23: =R21+R22 -> 245825000 | S23: =S21+S22 -> 0 | T23: =T21+T22 -> 0 | U23: =U21+U22 -> 1239000 | V23: =V21+V22 -> 47156118 | W23: =W21+W22 -> 13858000 | X23: =X21+X22 -> 142779883 | ... AA23: =AA21+AA22 -> 0 | AB23: =IF(SUM(Q23:AA23)=(AB21+AB22),AB21+AB22,"ERROR") -> 468510401 | AC23: 2.6782225e+08 | AD23: =AB23+AC23 -> 7.3633265e+08 | AE23: =IF(AD23="ERROR",(AB23+AC23)-M23,"OK") -> OK
A24: 11 | B24: Perubahan Bulan Oktober | D24: 0 | K24: 30475100 | M24: =SUM(C24:L24) -> 30475100 | O24: 11 | P24: Perubahan Bulan Oktober | R24: 135000 | W24: 150000 | X24: 21475100 | Z24: 1700000 | AB24: =SUM(Q24:AA24) -> 23460100
A25: JUMLAH | C25: =C23+C24 -> 0 | D25: =D23+D24 -> 411070000 | E25: =E23+E24 -> 26251644 | F25: =F23+F24 -> 0 | G25: =G23+G24 -> 1.8701959e+08 | H25: =H23+H24 -> 1682983 | I25: =I23+I24 -> 42782633 | J25: =J23+J24 -> 29247255 | ... L25: =L23+L24 -> 0 | M25: =IF(SUM(C25:L25)=(M23+M24),M23+M24,"ERROR") -> 9.3584425e+08 | O25: JUMLAH | Q25: =Q23+Q24 -> 0 | R25: =R23+R24 -> 245960000 | S25: =S23+S24 -> 0 | T25: =T23+T24 -> 0 | U25: =U23+U24 -> 1239000 | V25: =V23+V24 -> 47156118 | W25: =W23+W24 -> 14008000 | X25: =X23+X24 -> 164254983 | ... AA25: =AA23+AA24 -> 0 | AB25: =IF(SUM(Q25:AA25)=(AB23+AB24),AB23+AB24,"ERROR") -> 491970501 | AC25: 2.7483725e+08 | AD25: =AB25+AC25 -> 7.6680775e+08 | AE25: =IF(AD25="ERROR",(AB25+AC25)-M25,"OK") -> OK
A26: 12 | B26: Perubahan Bulan November | D26: 59100000 | H26: 0 | K26: 36244300 | M26: =SUM(C26:L26) -> 95344300 | O26: 12 | P26: Perubahan Bulan November | R26: 20255000 | W26: 854000 | X26: 26744300 | Y26: 0 | Z26: 1500000 | AB26: =SUM(Q26:AA26) -> 49353300
A27: JUMLAH | C27: =C25+C26 -> 0 | D27: =D25+D26 -> 470170000 | E27: =E25+E26 -> 26251644 | F27: =F25+F26 -> 0 | G27: =G25+G26 -> 1.8701959e+08 | H27: =H25+H26 -> 1682983 | I27: =I25+I26 -> 42782633 | J27: =J25+J26 -> 29247255 | ... L27: =L25+L26 -> 0 | M27: =IF(SUM(C27:L27)=(M25+M26),M25+M26,"ERROR") -> 1.0311886e+09 | O27: JUMLAH | Q27: =Q25+Q26 -> 0 | R27: =R25+R26 -> 266215000 | S27: =S25+S26 -> 0 | T27: =T25+T26 -> 0 | U27: =U25+U26 -> 1239000 | V27: =V25+V26 -> 47156118 | W27: =W25+W26 -> 14862000 | X27: =X25+X26 -> 190999283 | ... AA27: =AA25+AA26 -> 0 | AB27: =IF(SUM(Q27:AA27)=(AB25+AB26),AB25+AB26,"ERROR") -> 541323801 | AC27: 3.4576216e+08 | AD27: =IF((AB27+AC27)=M27,M27,"ERROR") -> ERROR | AE27: =IF(AD27="ERROR",(AB27+AC27)-M27,"OK") -> -1.4410259e+08
A28: 13 | B28: Perubahan Bulan Desember | D28: 71000000 | H28: 3845000 | K28: 14653000 | M28: =SUM(C28:L28) -> 89498000 | O28: 13 | P28: Perubahan Bulan Desember | R28: 123792000 | U28: 500000 | W28: 0 | X28: 5353000 | Y28: 0 | Z28: 32300000 | AB28: =SUM(Q28:AA28) -> 161945000
A29: JUMLAH | C29: =C27+C28 -> 0 | D29: =D27+D28 -> 541170000 | E29: =E27+E28 -> 26251644 | F29: =F27+F28 -> 0 | G29: =G27+G28 -> 1.8701959e+08 | H29: =H27+H28 -> 5527983 | I29: =I27+I28 -> 42782633 | J29: =J27+J28 -> 29247255 | ... L29: =L27+L28 -> 0 | M29: =IF(SUM(C29:L29)=(M27+M28),M27+M28,"ERROR") -> 1.1206866e+09 | O29: JUMLAH | Q29: =Q27+Q28 -> 0 | R29: =R27+R28 -> 390007000 | S29: =S27+S28 -> 0 | T29: =T27+T28 -> 0 | U29: =U27+U28 -> 1739000 | V29: =V27+V28 -> 47156118 | W29: =W27+W28 -> 14862000 | X29: =X27+X28 -> 196352283 | ... AA29: =AA27+AA28 -> 0 | AB29: =IF(SUM(Q29:AA29)=(AB27+AB28),AB27+AB28,"ERROR") -> 703268801 | AC29: 2.7331516e+08 | AD29: =IF((AB29+AC29)=M29,M29,"ERROR") -> ERROR | AE29: =IF(AD29="ERROR",(AB29+AC29)-M29,"OK") -> -1.4410259e+08
D33: =D29-R29 -> 151163000 | E33: =E29-S29 -> 26251644 | H33: =H29-U29 -> 3788983 | J33: =J29-W29 -> 14385255 | V33: =X29-X5 -> 178759318 | X33: =X29-X5 -> 178759318

Sheet kotretan
A1: DANA | B1: 2750629 | C1: 1375314
A2: P.BARANG | B2: 6481250 | C2: 10730950
A3: BIAYA UMUM | B3: 400000 | C3: 50000
A5: PENJUALAN | B5: 6875400 | C5: 9177200
F10: 12548500 | G10: 2715500 | H10: 5480500 | I10: 525000 | J10: 1975000 | K10: =SUM(F10:J10) -> 23244500
F11: 214618500 | G11: 182004662 | H11: =F11-G11 -> 32613838 | I11: 7711500 | J11: =H11-I11 -> 24902338
F12: 12177000 | G12: 8323500 | H12: 8034058 | I12: =SUM(F12:H12) -> 28534558
F13: 9177000 | G13: 8323500 | H13: 5034058 | I13: =SUM(F13:H13) -> 22534558
F14: 243153058 | G14: 204539220 | H14: =F14-G14 -> 38613838 | I14: 8411500 | J14: =H14-I14 -> 30202338
A15: 1254400 | B15: 9395000 | C15: 3332922.9 | F15: 104748118
F16: 35000000
F17: =F15-F16 -> 69748118
F18: 12338500 | G18: 1808480 | H18: =F18+G18 -> 14146980
